,n_genes_by_counts,log1p_n_genes_by_counts,total_counts,log1p_total_counts,pct_counts_in_top_50_genes,pct_counts_in_top_100_genes,pct_counts_in_top_200_genes,pct_counts_in_top_500_genes,total_counts_mt,log1p_total_counts_mt,pct_counts_mt
AAACGAATCTATCGGA-1,9541,9.163458386076051,137217.0,11.829327,48.36864236938572,54.82702580584038,62.35743384566052,71.34757355138211,48087.0,10.780787,35.04449
AAAGGTAAGACATAGT-1,8248,9.017847259860732,101721.0,11.529999,53.92003617738717,59.886355816399764,66.40811631816439,74.5539269177456,40209.0,10.601871,39.52871
AAAGGTAGTTGTTGAC-1,8075,8.996651979432729,80123.0,11.29133,40.84220510964392,49.84461390611934,58.71847035183405,69.34962495163686,18835.0,9.843525,23.507607
AAAGGTATCGGTGAAG-1,7272,8.89192414015454,62047.0,11.035664,55.20009025416217,59.996454300771994,65.73081696133576,73.27187454671459,28017.0,10.2406025,45.15448
AAATGGATCTAGACCA-1,8451,9.042158378735948,78665.0,11.272966,41.68562893281637,48.36966884891629,55.96643996694846,65.76749507404817,18488.0,9.824931,23.502193
AACAAAGCAGAGTGTG-1,8146,9.005405040310642,90955.0,11.418131,52.431422131823425,58.71255016216811,65.29822439667967,73.28239239184212,36656.0,10.509359,40.301247
AACAAGACATAAGCGG-1,7133,8.872627365918836,46691.0,10.751328,36.36246814161188,43.305990447837914,51.80013278790345,63.37623953224391,8802.0,9.082848,18.851599
AACCATGGTTCATCTT-1,9102,9.116359308505288,135058.0,11.813467,43.24216262642717,51.51786639814006,60.20080261813443,70.84067585777962,36702.0,10.510613,27.174992
AACCTTTCAACCTATG-1,9525,9.161780181360806,130554.0,11.77955,43.61566861222176,50.57677282963371,57.95073303001057,67.37212188060113,36114.0,10.494464,27.662117
AACGGGACAGCGGTCT-1,8653,9.06577692078483,97310.0,11.485667,47.90977289076148,54.212311170486075,61.1787072243346,70.15414654197924,33894.0,10.431023,34.83095
AATCGACTCTCAACCC-1,7085,8.865876285425417,42163.0,10.6493225,34.05592581173067,40.62329530631122,48.3267319687878,59.39330692787516,5955.0,8.692154,14.123757
AATGGAATCGTGCATA-1,7618,8.93840040647301,58193.0,10.971538,37.889436873850805,46.54339869056416,54.836492361624245,65.08858453765917,12362.0,9.422463,21.243105
AATTTCCGTTAACCTG-1,7147,8.87458787627932,59043.0,10.986038,47.08432837084837,54.93284555324086,62.432464475043616,70.87715732601663,16871.0,9.733411,28.574091
ACACAGTTCGTGTGGC-1,8074,8.996528148090857,96008.0,11.472198,53.72364802933088,59.83043079743354,66.59445046246147,74.94271310724106,36267.0,10.498692,37.77498
ACACCAATCATTTCGT-1,9515,9.160729871422848,127740.0,11.75776,35.98403006106153,44.80272428370127,53.684045717864414,64.52011899170189,22959.0,10.041509,17.973227
ACATTTCAGCATTTCG-1,7127,8.871785969150645,49237.0,10.804421,40.512216422609015,48.961147104819545,56.890143591201735,66.86638097365802,11224.0,9.325899,22.795864
ACCCAAATCCGAGATT-1,7152,8.875287128108384,62309.0,11.039877,37.18884912291964,45.33053009998555,54.27947808502785,65.717633086713,11587.0,9.357725,18.59603
ACTATCTTCTAGCAAC-1,7826,8.965334573804839,60639.0,11.01271,34.20241098962713,41.68439453157209,50.59120368079949,62.13987697686307,8769.0,9.079092,14.46099
ACTCCCAAGTCTCCTC-1,9191,9.126088819528592,117680.0,11.675733,46.733514615907545,53.14326988443236,60.23538409245411,69.34908225696805,35220.0,10.469398,29.92862
ACTTAGGAGACTCAAA-1,7275,8.892336539638013,43876.0,10.689145,34.8869541434953,41.24122527121889,49.06782751390282,60.43395022335674,7203.0,8.882392,16.41672
AGCTTCCAGTCCCGAC-1,9304,9.13830716907635,94944.0,11.461053,36.38039265251095,44.401963262554766,52.32347489046174,62.70327772160431,18123.0,9.804993,19.088095
AGGACGATCTCATAGG-1,7127,8.871785969150645,72844.0,11.196089,40.95876118829279,48.982757673933335,57.98830377244523,69.6351106474109,15051.0,9.6192665,20.661963
AGGTGTTAGCACCGTC-1,8453,9.042394981126735,113792.0,11.642137,48.62995641169854,56.43718363329584,64.39995781777277,73.72486642294713,36187.0,10.496483,31.801006
AGGTTGTAGGTAGTCG-1,9889,9.199279424616758,173313.0,12.0628605,38.49855463814024,48.38009843462407,58.05277157512708,68.94866513187124,34111.0,10.437405,19.681732
AGTAGTCCAGAGAGGG-1,8704,9.07165285220229,87085.0,11.374651,38.67715450422001,46.01596141700637,54.194178101854504,64.87684446230693,19228.0,9.864175,22.079578
AGTCAACGTGGACTGA-1,8844,9.087607606593886,93737.0,11.448259,32.79388075146421,42.266127569689665,51.56768405218857,63.158624662619886,14210.0,9.561771,15.159435
AGTCTCCCAAATACAG-1,8954,9.099967314494812,94884.0,11.460421,50.05480376038109,55.45508199485688,61.30116774166351,69.27300704017537,34452.0,10.447351,36.3096
AGTTAGCAGTATAACG-1,7712,8.950662495933999,52196.0,10.862781,41.428461951107366,47.40976320024523,54.121005441029965,63.67154571231512,13636.0,9.520542,26.124609
AGTTAGCGTTCGTTCC-1,7749,8.955448122347393,64188.0,11.069587,41.18682619804325,48.69446002368044,56.482520097214426,66.50931638312457,16482.0,9.710085,25.677696
ATACCGAAGCTGAGTG-1,7294,8.894944460956886,61631.0,11.028936,48.1884116759423,55.41367169119437,62.682740828479176,71.1151855397446,21431.0,9.97264,34.773083
ATCAGGTGTTCGGCGT-1,7803,8.962391701743002,75668.0,11.234124,45.25030395940159,52.83475181054078,60.81831157160226,70.43796585082201,22897.0,10.038805,30.259817
ATCCACCTCTCAACCC-1,7929,8.978408314628894,83544.0,11.33314,45.670544862587384,53.04988987838743,60.899645695681315,70.61787800440487,23837.0,10.079036,28.53227
ATCGGATAGTGGTTCT-1,7200,8.881975184248867,45867.0,10.733523,37.491006606056644,44.831796280550286,52.861534436522994,63.47482939804217,10251.0,9.235229,22.349401
ATCTTCAGTACACTCA-1,7941,8.979920411691197,59260.0,10.989707,32.93283833952076,40.26999662504219,48.15558555518056,59.53256834289571,9870.0,9.197356,16.655416
ATGAGTCTCGCCACTT-1,8084,8.997765772011208,62852.0,11.048554,30.96003309361675,39.78711894609559,48.792401196461526,60.682237637624894,9054.0,9.111073,14.40527
ATGATCGTCCTACTGC-1,7398,8.90910013492555,68746.0,11.138188,53.28164547755506,58.64050272015826,64.88086579582813,73.16498414453204,26470.0,10.183805,38.50406
ATGCCTCCAACCGGAA-1,7224,8.885302512980633,72011.0,11.184588,42.62404354890225,51.87540792378942,60.86708975017706,71.23633889266917,17073.0,9.745312,23.708878
ATGGGTTGTTGGGTTT-1,7821,8.96469555531546,62305.0,11.039813,32.912286333360086,42.834443463606455,52.30719845919268,63.3287858117326,8348.0,9.029897,13.398604
ATTCAGGTCACTCTTA-1,8989,9.103868127465667,103849.0,11.550703,32.49718341052875,42.261360244200716,52.17671811957746,63.96402468969369,14656.0,9.592673,14.112799
ATTGGGTCACGTTGGC-1,7493,8.921857979353632,62855.0,11.048602,40.359557712194736,48.69620555246201,57.28899848858484,67.92140641158221,12415.0,9.426742,19.75181
CAACCTCAGGCCTTGC-1,8303,9.024492605405669,72860.0,11.196309,34.713148503980236,41.90090584682953,50.056272303046946,61.386220148229484,12245.0,9.412954,16.806204
CAACGATAGCGCCTCA-1,7205,8.882669291308039,59431.0,10.992588,48.064141609597684,54.25619626121048,61.21047937944844,70.02742676381013,19563.0,9.881447,32.917168
CAAGGGACAGAGATTA-1,7059,8.862200330487287,45722.0,10.730357,38.49350422116268,46.22719916014172,54.577665019028046,65.06933205021652,10825.0,9.289706,23.675692
CAATACGGTATGCTTG-1,9108,9.11701821474481,99421.0,11.507129,40.84750706591163,48.66074571770552,56.40458253286529,66.10273483469287,25324.0,10.139547,25.47148
CAGCACGCACGCGGTT-1,7645,8.941937914256359,48677.0,10.792982,30.77634200957331,37.99741150851531,46.373030383959566,57.70487088357952,7758.0,8.956609,15.937712
CAGCCAGCATTGCTGA-1,7686,8.947285869349132,77899.0,11.263182,43.65652960885249,51.3780664706864,59.96996110348015,70.31797584051142,20508.0,9.928619,26.326397
CAGCGTGTCTACACAG-1,7648,8.942330199321866,70522.0,11.163694,45.99982984033351,52.82323246646436,60.05076430050197,69.77397124301636,21095.0,9.956839,29.912651
CAGGGCTAGTACCCTA-1,9069,9.112727543109182,111349.0,11.620434,49.08890066367906,55.637679727702995,62.645376249449924,71.51478684137263,38814.0,10.566562,34.85797
CAGGGCTGTGCCCACA-1,8621,9.06207235530708,120613.0,11.700351,50.197739878785875,57.8403654664091,65.38847387926675,74.11141419249998,40148.0,10.600353,33.28663
CATACTTAGCTCTATG-1,8143,9.005036738790304,72839.0,11.19602,47.62283941295185,53.954612226966326,60.86711789014127,69.34060050247807,21198.0,9.961709,29.10254
CATGCGGAGAGGGCGA-1,7464,8.91798070997329,41591.0,10.635663,34.3632035776971,40.657834627683876,47.84688995215311,58.7170301267101,8877.0,9.0913315,21.343561
CATGGATCAAGCACCC-1,7405,8.910045761473558,62782.0,11.04744,35.87811793189131,45.34261412506769,54.36430824121563,65.20021662259884,11443.0,9.345221,18.226562
CATGGTACACGAGGAT-1,8602,9.059866258621348,116298.0,11.663919,39.34547455674216,49.132401245077304,58.64761216873893,69.87996354193538,24545.0,10.108304,21.105265
CCACAAAAGAATAACC-1,9355,9.143773127704069,126103.0,11.744863,39.89516506347985,48.60947003639882,57.54740172715954,68.57965314068657,29338.0,10.286673,23.265108
CCACACTGTCGGCACT-1,7355,8.903271585724212,51769.0,10.854567,41.11727095365952,49.890861326276344,57.65612625316309,66.6595839208793,8439.0,9.040737,16.30126
CCATAAGAGAGCCGTA-1,8369,9.032409163483521,82851.0,11.324811,48.03200926965275,53.824335252441124,60.350508744613826,68.98528684023127,29713.0,10.299374,35.863174
CCCATTGCAGCGATTT-1,9592,9.168788944817948,126956.0,11.751604,43.59541888528309,51.74391127634771,59.778190869277545,69.16805822489681,34135.0,10.4381075,26.887268
CCCGGAATCAATCTCT-1,7404,8.909910726701899,53446.0,10.886446,49.42371739699884,54.64206863001908,60.5957414960895,68.78718706732029,18686.0,9.835584,34.96239
CCGGTGATCGGACTTA-1,8164,9.007612005404566,68403.0,11.133186,40.77745128137655,46.807888542900166,53.769571510021485,64.16823823516512,18841.0,9.843843,27.544113
CCTCCAATCGTTCCTG-1,8328,9.02749867993534,77215.0,11.254362,44.554814479052,50.19232014504954,56.56025383668977,65.90558829243022,20709.0,9.938372,26.819918
CCTCCTCCAAGCGAGT-1,7705,8.949754525186103,76620.0,11.246627,49.99347428869747,56.498303315061335,63.36074132080397,72.29052466718872,26774.0,10.195224,34.94388
CGAAGGAAGTTCTACG-1,7366,8.904765846682814,64546.0,11.075149,44.14681002695752,51.877730610727234,60.44216527747653,70.5202491246553,16767.0,9.727227,25.976822
CGAAGTTAGAGCTGAC-1,8098,8.99949587624899,79250.0,11.2803755,36.34447949526814,45.92807570977918,54.885804416403786,65.94069400630916,14689.0,9.594922,18.535017
CGACAGCTCGAAGTGG-1,7261,8.89041055197428,80154.0,11.291718,42.16508221673279,52.323028170771266,61.9644683983332,72.37567682211741,18578.0,9.829787,23.177883
CGAGAAGGTCACTAGT-1,8404,9.036582045842716,81022.0,11.302488,45.822122386512305,52.49561847399472,59.61714102342574,68.30120214262793,25229.0,10.135789,31.138456
CGGCAGTAGTGTACAA-1,9155,9.122164681072457,114274.0,11.646363,39.538302676024294,48.35658154960883,57.01121864991162,67.63918301625917,27357.0,10.216764,23.939829
CGTCAAAAGCAAGGAA-1,7080,8.865170419651774,66108.0,11.09906,51.77890724269377,59.52986022871664,66.79070611726267,75.08924789738003,23454.0,10.062839,35.47831
CGTGTCTTCAACGCTA-1,8187,9.01042494678118,86528.0,11.368235,42.308848002958584,51.119868713017745,59.75291235207101,69.86524593195266,22827.0,10.035743,26.381054
CGTTCTGGTGTTAGCT-1,7333,8.900276348631271,59887.0,11.000232,46.517608162038506,53.29871257535024,60.4555245712759,69.80646884966687,18196.0,9.809012,30.38389
CTAACCCGTGCGGTAA-1,9521,9.161360189754465,128974.0,11.767374,35.1807341014468,44.45469629537736,53.5836680261138,64.75568719276752,22905.0,10.039154,17.759394
CTAACTTTCTTGAACG-1,8760,9.078065332666364,90593.0,11.414144,37.63535814025366,45.81148653869504,54.39051582351837,65.62869095846257,16793.0,9.728777,18.536753
CTACATTTCCGCCTAT-1,9016,9.106866963499908,84277.0,11.341876,34.17065154193909,41.657866321772254,49.964996380981766,60.77577512251266,12124.0,9.403025,14.385894
CTATCCGTCTCGCTCA-1,7399,8.909235279192261,53588.0,10.889099,39.152422184071064,46.58505635590057,54.790251548854215,65.13025304172577,11474.0,9.347926,21.41151
CTCAAGAAGACCAAGC-1,8031,8.99118884193151,109719.0,11.605687,53.78831378339212,62.855111694419385,70.11274255142683,77.54901156590928,36878.0,10.515398,33.611317
CTCATGCTCGTCAACA-1,7662,8.944158830970403,62636.0,11.045112,51.35066096174724,56.83472763267131,62.713136215594865,70.50418289801392,22795.0,10.03434,36.392807
CTCCAACGTTCAGCGC-1,9607,9.170351363759819,124997.0,11.736053,40.96738321719721,48.87157291775003,56.93496643919455,66.91360592654225,29055.0,10.27698,23.244558
CTCCACAAGCCTTTCC-1,7922,8.977525200965243,65398.0,11.088263,43.750573412030946,49.5596195602312,56.432918437872715,65.52493960059941,19837.0,9.895354,30.332733
CTCCTCCAGCTTAGTC-1,7834,8.966356154790121,86996.0,11.373629,35.211963768449124,45.1193158306129,55.102533449813784,67.11457998068877,12309.0,9.418167,14.148927
CTCTGGTTCCTACAAG-1,7787,8.960339366492091,61237.0,11.022523,39.75374365171383,46.21389029508304,53.76488070937505,64.25690350605026,12392.0,9.424887,20.236132
CTGAATGTCGCGTGAC-1,8753,9.07726601775084,170167.0,12.044541,48.853773058231035,57.8684468786545,66.7749916258734,76.14167259221823,52182.0,10.862512,30.66517
CTGTGAAAGCTAGTTC-1,7100,8.867990898182093,58215.0,10.971915,38.68934123507687,45.47453405479687,53.888173151249674,65.62226230353002,11253.0,9.328479,19.330069
CTTAGGACAATCAGCT-1,8777,9.080003870248179,118837.0,11.685516,42.83935138046232,52.42811582251319,61.7551772596077,71.82443178471351,24610.0,10.110949,20.709038
CTTCCGAAGGATTTGA-1,7921,8.977398978181862,79007.0,11.277305,35.974027617806016,46.16806105788095,56.06971534167858,67.50794233422354,12822.0,9.458996,16.228941
CTTCTCTGTTAACAGA-1,9115,9.117786390365575,129263.0,11.769612,43.99170683026078,51.1623589116762,59.32942914832551,70.23974377818865,34328.0,10.443746,26.55671
GAAACCTAGGTAAACT-1,7675,8.94585385712759,58728.0,10.980689,34.65127366843754,42.613404168369435,51.76065931072061,63.13002315760795,9812.0,9.191463,16.707533
GAACACTAGCTATCTG-1,7579,8.933268478636418,59439.0,10.9927225,47.27704032705799,52.815491512306735,59.16485808980636,67.67946970844059,19688.0,9.887815,33.123035
GAAGAATTCTCTCAAT-1,9323,9.140347000155648,138611.0,11.839434,47.99907655236597,56.463772716451075,64.77696575307877,73.2697982122631,36924.0,10.5166445,26.63858
GAAGGGTTCTTAGGAC-1,8141,9.004791129062925,81586.0,11.309425,43.03189272669331,50.50376290049764,58.774789792366334,68.95423234378447,21518.0,9.976691,26.374622
GAATCACTCTCTGCCA-1,7018,8.856376036730422,64933.0,11.081126,42.754839603899406,52.501809557543936,62.20103799300818,72.57018773196988,12694.0,9.448963,19.549381
GACAGCCGTTGTTGAC-1,7336,8.900685318713995,63434.0,11.057771,42.253365702935334,50.4713560551124,58.753980515181134,68.98981618690291,16758.0,9.72669,26.418009
GAGTCTAAGTTCCAGT-1,7422,8.912338567117548,87673.0,11.381381,55.16293499709146,61.5890867199708,68.42357396233733,76.99633866754874,34197.0,10.439922,39.005165
GAGTTACGTATAATGG-1,7253,8.889308319842847,83083.0,11.327607,53.41887028634017,60.06884681583477,67.09314781603938,75.92527953973736,32955.0,10.402928,39.665154
GATCCCTGTGTTGAGG-1,8048,8.993303139093733,79555.0,11.284217,52.13122996668971,57.36408773804287,63.264408271007476,71.30035824272515,31231.0,10.349198,39.25712
GATGACTCAGTGGGTA-1,7675,8.94585385712759,77207.0,11.254258,53.43168365562708,59.5347572111337,65.62876423122256,73.23040656935252,32047.0,10.37499,41.507893
GATTCGACATACAGCT-1,9650,9.174816815907135,134166.0,11.806841,31.962643292637477,42.057600286212605,51.943860590611635,63.80230460772476,17554.0,9.773094,13.083792
GATTCGACATGGAGAC-1,7256,8.889721799278137,54683.0,10.909327,37.7503063109193,44.33370517345428,52.79520143371798,64.43135892324854,8367.0,9.03217,15.300916
GATTGGTCATCATGAC-1,7998,8.987071812848821,67149.0,11.114684,38.72135102533172,46.076635541854685,54.09313615988325,64.62196011854235,15750.0,9.6646595,23.455301
GATTTCTAGCAGATAT-1,8601,9.059750013343681,147321.0,11.900376,56.12030871362534,63.77841584024002,70.69867839615533,78.37986437778727,58060.0,10.96925,39.410538
GCACGGTTCCATATGG-1,8569,9.056023011591826,79104.0,11.278531,41.908120954692556,47.960912216828476,54.89735032362459,64.4948422330097,21417.0,9.971987,27.074484
GCAGCCATCAAGAGGC-1,8765,9.078635880978755,115062.0,11.653235,47.01812935634701,54.29942118162382,62.359423615094464,72.47918513497072,35223.0,10.469483,30.612192
GCAGGCTAGCGCCCAT-1,9990,9.209439966733019,202245.0,12.21724,39.36759870454152,49.86575687903286,59.43385497787337,70.25241662340231,37123.0,10.522019,18.355461
GCATCTCAGATGGTCG-1,7644,8.941807118363164,71431.0,11.176501,41.64718399574415,48.84853914966891,57.171256177289976,68.10488443392924,17380.0,9.763133,24.331173
GCCATGGGTCTTGAAC-1,7575,8.932740634865914,48481.0,10.788948,35.040531342175285,41.85144695860234,50.089725871991085,60.98471566180565,9823.0,9.192584,20.261545
GCCCGAACAGTCACGC-1,8739,9.07566546864958,103501.0,11.547346,45.1734765847673,51.64394546912591,58.87962435145554,68.67469879518072,32481.0,10.388441,31.382305
GCGGATCAGCATCCCG-1,9106,9.11679862756782,114890.0,11.651739,42.27347897989382,50.376882235181476,58.71703368439377,68.76403516406998,28275.0,10.249768,24.610497
GCGGATCGTCAAAGCG-1,7093,8.867004635333567,65012.0,11.082342,46.57601673537194,54.629914477327254,62.7930228265551,72.50815234110625,20869.0,9.946068,32.100227
GCTACAACATAATGCC-1,9286,9.13637085177601,114968.0,11.652418,39.04651729176815,46.20590077238884,54.222044394962076,65.14856307842182,27255.0,10.213029,23.706596
GCTGAATTCAGAGTTC-1,7611,8.93748122841604,65077.0,11.083342,40.198534044286,47.990841618390526,56.23645834934001,66.87001552007622,15146.0,9.625558,23.273968
GGAACCCTCCCATAGA-1,8502,9.048174321385792,115228.0,11.654676,49.33175964175374,55.92998229596973,63.483701878015765,73.40143020793558,37537.0,10.533109,32.576283
GGAGAACAGATTTGCC-1,8662,9.06681636189014,82000.0,11.3144865,36.03292682926829,44.15609756097561,52.770731707317076,63.77317073170732,13813.0,9.533438,16.845121
GGAGATGCACGGCCAT-1,7808,8.963032193662675,87183.0,11.375776,45.94473693265889,53.91188649163254,61.992590298567386,72.20214950162303,26290.0,10.176982,30.15496
GGCACGTTCTGTCCCA-1,7042,8.85978949474541,65972.0,11.097001,45.37379494330928,52.56624022312496,60.325592675680596,70.13126781058631,17758.0,9.784648,26.91748
GGCAGTCCACGGCGTT-1,7352,8.902863672196222,64451.0,11.073676,47.425175714884176,54.8990706117826,62.354346713006784,71.33170936059953,20479.0,9.927204,31.774527
GGCGTCACACGGGCTT-1,7423,8.912473274466036,56857.0,10.948312,34.657122254076015,42.98327382732117,51.677014263854936,63.074027824190516,9175.0,9.124347,16.136976
GGGAAGTAGATAACAC-1,7863,8.970050661827003,59922.0,11.000815,38.525082607389606,45.507493074329965,53.53292613731184,63.93978839157571,14640.0,9.591581,24.43176
GGGAGATGTATGAGCG-1,8520,9.050288983827956,116015.0,11.661484,48.926431926906005,57.48739387148214,65.6130672757833,74.65241563590915,36338.0,10.500647,31.321812
GGGATGAAGCATACTC-1,7225,8.885440911707585,50629.0,10.832299,38.697189357877896,46.234371605206505,54.20608742025321,64.66649548677636,11657.0,9.363748,23.024353
GTAAGTCGTCTTGGTA-1,7112,8.869679374733515,52338.0,10.865497,38.84558064885933,46.32389468455042,54.56265046428981,65.5011655011655,12446.0,9.4292345,23.780045
GTAATCGTCAGTCACA-1,7147,8.87458787627932,50030.0,10.820398,47.05376773935638,53.33999600239856,60.101938836697975,68.36697981211273,15532.0,9.6507225,31.045372
GTACAACAGCGGGTAT-1,8058,8.994544758324512,78162.0,11.266552,34.43489163532151,44.43335636242676,54.09534044676442,65.5356823008623,11979.0,9.390994,15.325862
GTAGATCTCTTGATTC-1,10160,9.22631214148588,168323.0,12.033646,41.669884685990624,49.35095025635237,57.554226101008176,67.57484122787736,44137.0,10.695076,26.22161
GTAGATCTCTTGGAAC-1,8612,9.061027968789174,85151.0,11.352193,34.69953376942138,43.03766250543153,52.31412432032507,63.89707695740508,12321.0,9.419142,14.469589
GTCAAACCATCCGGCA-1,9351,9.143345503151904,124762.0,11.734171,41.22409066863308,48.713550600343055,57.15362049341947,68.1697952902326,28736.0,10.265941,23.032656
GTCACGGTCCTTATCA-1,8694,9.070503426788383,106480.0,11.575722,40.11927122464313,47.57043576258452,55.91284748309542,66.73553719008265,24235.0,10.095594,22.760143
GTCACTCAGAACTGAT-1,7043,8.859931469616097,41278.0,10.628109,37.51392993846601,44.38441784970202,51.62314065603953,61.71083870342555,9452.0,9.154087,22.898397
GTCTCACGTACCGCGT-1,9971,9.207536444643448,162538.0,11.998673,37.485388032337056,46.22365231515092,55.484255989368634,66.64349259865385,33238.0,10.411479,20.449371
GTCTCACGTTCTCTAT-1,7742,8.954544488386723,62196.0,11.038062,34.535983021416165,42.21975689754968,50.67367676377902,62.56511672776385,10085.0,9.218904,16.214869
GTCTTTAAGTTCATGC-1,9732,9.183277452426493,139920.0,11.848833,37.02258433390509,45.680388793596336,54.49328187535735,65.52029731275015,27306.0,10.214898,19.515436
GTGACGCCACACCTGG-1,7831,8.965973184210347,74159.0,11.213981,42.06637090575655,49.760649415445194,57.949810542213356,68.20480319313906,19276.0,9.866668,25.992798
GTGACGCTCTCAGGCG-1,8778,9.080117784926209,81110.0,11.303574,36.030082603871286,43.77142152632228,52.47071877696955,63.34237455307606,17642.0,9.778094,21.75071
GTGCACGTCCACAAGT-1,10121,9.222466551774023,175006.0,12.072581,39.87634709667097,49.04746122990069,58.219718181090926,68.6890735174794,38961.0,10.570342,22.262665
GTGGAGATCCGAGATT-1,8078,8.997023381479709,86633.0,11.369448,40.822781157295715,49.691226207103526,58.50888229658444,68.95640229473757,19144.0,9.859797,22.097816
GTTAGTGAGAGCTTTC-1,7890,8.973478148521036,66290.0,11.1018095,39.331724241967116,47.30577764368683,55.43370040730126,65.46990496304119,15007.0,9.616339,22.638407
GTTATGGGTATCTCTT-1,8665,9.067162602299854,86148.0,11.363833,36.19352741793193,44.1902307656591,52.712773366764175,63.775131169615086,17501.0,9.77007,20.315039
GTTCTATCATATCTCT-1,8996,9.104646467417119,93333.0,11.44394,38.804067157382704,45.66552023400084,53.050903753227686,62.931653327333315,22062.0,10.0016575,23.637941
GTTGAACTCATTTACC-1,7462,8.917712757131387,57398.0,10.957782,46.81870448447681,52.92867347294331,59.66584201540124,68.62260009059548,16927.0,9.736724,29.490576
GTTGCTCAGCTCTATG-1,8450,9.042040056544483,75837.0,11.236355,38.686920632408984,47.47550667879795,55.81576275432836,65.66979179028706,15959.0,9.677841,21.043818
GTTGCTCGTGACGCCT-1,7414,8.911260254572033,71259.0,11.17409,40.765377005009896,49.73266534753505,58.37718744298965,69.22774667059599,17677.0,9.780076,24.806692
GTTGTCCGTTGGGAAC-1,8608,9.060563446657955,108681.0,11.596182,38.17502599350392,47.94858346905163,57.15902503657493,67.95668056053957,22942.0,10.040769,21.109486
GTTTACTGTAGCGTCC-1,8744,9.076237387452702,92388.0,11.4337635,35.14200978482054,43.76867125600727,52.62371736589168,64.12845824133004,17225.0,9.754175,18.644196
TAACACGTCCCTCTAG-1,7107,8.868976189274543,55978.0,10.932732,45.726892707849515,52.07581549894601,59.47336453606774,69.13072992961521,17444.0,9.7668085,31.162241
TAACCAGTCAGCGGAA-1,7465,8.91811465947453,93210.0,11.442621,46.43493187426242,55.314880377641884,64.6497156957408,75.34599291921468,24852.0,10.120734,26.662376
TAACGACGTATGAGAT-1,7438,8.914491710191342,51634.0,10.851955,35.85234535383662,43.260254870821555,51.795328659410465,62.912034705814,10473.0,9.256651,20.283146
TACAGGTAGATACAGT-1,7345,8.901911226379612,73573.0,11.206047,63.301754719802105,67.17817677680671,71.37944626425455,77.38708493604992,40096.0,10.599057,54.498257
TACCGAACAAATGAAC-1,9217,9.128913373280454,129172.0,11.768908,44.249527761434365,52.47112377295389,60.554919022698414,70.39219025795063,35278.0,10.471044,27.310871
TACCTGCGTTGTCTAG-1,7514,8.924656302187074,63429.0,11.057693,44.504879471535105,51.43073357612449,59.22369893897114,69.1718299200681,19247.0,9.865163,30.344164
TACTGCCTCTCTCGCA-1,7916,8.976767625171433,60480.0,11.010084,40.83498677248677,47.60251322751323,54.85284391534392,64.56018518518518,14306.0,9.568504,23.6541
TACTTACCACAAGCCC-1,8763,9.078407700715356,114244.0,11.646101,43.456986800182065,51.93883267392599,60.51083645530618,70.62427786141942,28361.0,10.252806,24.824936
TACTTACCATATGAAG-1,8997,9.104757609401117,117629.0,11.6753,42.56603388620153,51.0945430123524,59.62220200800823,69.68859719967016,28055.0,10.241958,23.85041
TAGACCATCCTTCACG-1,7926,8.978029932837156,59652.0,10.9963,39.86287132032455,45.508951921142625,52.353651176825586,62.09012271172802,13954.0,9.543593,23.392342
TAGATCGAGTACTGTC-1,8831,9.086136768516877,102292.0,11.535597,44.94290853634693,52.214249403667935,60.05454972040825,69.45117897782818,28320.0,10.251359,27.685448
TAGATCGCAACTTCTT-1,10181,9.228376734462282,135280.0,11.815109,34.2910999408634,42.95609107037256,51.109550561797754,61.49098166765228,25037.0,10.12815,18.50754
TATACCTGTGGGAGAG-1,8735,9.075207697984686,115009.0,11.652775,39.796885461137826,49.47525845803372,58.46846768513768,69.06589919049814,25347.0,10.140455,22.039145
TATATCCCATCGTGGC-1,7533,8.927181388251986,104673.0,11.558606,46.107401144516736,56.81694419764409,66.13739932933994,75.84668443629207,25774.0,10.157161,24.62335
TATCGCCCAGCTTTCC-1,8527,9.051110146405625,76939.0,11.250781,35.13432719427079,43.12507310986626,51.71629472699151,62.59634255709068,12290.0,9.416622,15.973693
TATCGCCTCCAACTAG-1,7165,8.8771028978649,47460.0,10.767664,33.927517909818796,40.99662873999157,49.07079646017699,60.68900126422251,8269.0,9.02039,17.423094
TCACAAGTCCTTACCG-1,7963,8.982686665184087,52806.0,10.874399,34.99034200659016,41.635420217399535,48.84861568761126,59.027383251903196,11640.0,9.362288,22.04295
TCACTCGTCGGACTTA-1,8832,9.086249986745132,117625.0,11.675265,45.54048884165781,52.85526036131775,61.14686503719447,70.99681190223167,34648.0,10.453024,29.456324
TCAGGGCAGGTTAGTA-1,7428,8.913146539151807,50762.0,10.834923,38.91493636972538,45.73302864347347,53.3863913951381,63.94153106654584,11724.0,9.369478,23.096016
TCAGTCCTCGTTTACT-1,8180,9.009569671513699,74720.0,11.221517,42.72751605995717,48.72189507494647,55.72403640256959,65.5580835117773,20723.0,9.939048,27.734207
TCATACTCAGTCCGTG-1,8172,9.00859131751613,92972.0,11.440064,50.88521275222647,57.1742029858452,63.967646173041345,72.42718237749,34537.0,10.449816,37.147743
TCATGTTCAATGCTCA-1,9720,9.18204377282107,105594.0,11.567367,36.11663541489099,42.8802772884823,50.321987991741956,60.69473644335852,24117.0,10.0907135,22.839365
TCATTTGAGGGATCAC-1,7475,8.919453168575453,61968.0,11.0343895,40.4063387554867,47.46643428866511,55.509295120061964,66.13897495481538,13995.0,9.546527,22.584238
TCCATGCCAGCAGTGA-1,8504,9.048409504829962,74167.0,11.214088,38.352636617363515,44.602046732374234,51.67392506101096,61.86309275014494,16276.0,9.697509,21.94507
TCCCAGTAGCCTGACC-1,8855,9.088850474388472,106532.0,11.57621,40.40288364059626,49.24435850260954,58.09522021552209,68.63008297976195,22259.0,10.010547,20.894192
TCCTCGAGTTCCCAAA-1,7389,8.907883013942248,47163.0,10.761386,37.79869813201026,44.47342196213133,51.89025295252635,61.925662065602275,10264.0,9.236495,21.762823
TCCTCTTCACTCCCTA-1,8301,9.024251728612985,75295.0,11.229182,43.70675343648316,50.425659074307724,57.31190650109569,66.36828474666312,21008.0,9.952706,27.900923
TCCTTCTAGCGCTTCG-1,7946,8.98054977794018,67723.0,11.123196,47.508232062962364,53.246312183453185,59.91612893699334,68.57197702405387,19836.0,9.895304,29.289902
TCGATTTAGAGTCAAT-1,7352,8.902863672196222,66534.0,11.105483,37.493612288454024,46.412360597589206,55.76246730994679,67.37307241410406,11729.0,9.3699045,17.62858
TCGCACTCAAGTGATA-1,8513,9.049467146388098,95842.0,11.470467,33.769120010016486,42.45320423196511,51.742451117464164,63.3678345610484,16915.0,9.736015,17.648838
TGAATCGAGAGCCCAA-1,7674,8.945723572455398,68611.0,11.136223,45.62533704508024,53.41854804623165,60.980017781405316,70.2423809593214,20970.0,9.950896,30.56361
TGAATCGGTGTTCCTC-1,7175,8.878497403738631,45166.0,10.7181225,42.68254881990878,48.543151928441745,55.37572510295355,64.60611964752248,12292.0,9.416785,27.215162
TGACTCCTCGTAGCTA-1,7693,8.94819608331224,65022.0,11.082497,41.462889483559415,49.57245240072591,57.631263264741165,67.36950570576113,14620.0,9.590214,22.484697
TGAGCGCCAACACGAG-1,7376,8.906122330884303,62426.0,11.041753,39.17598436548874,47.78457693909589,56.420401755678725,67.34373498221895,14637.0,9.591376,23.44696
TGAGCGCGTTGATGTC-1,8429,9.039552050995901,109465.0,11.60337,36.34860457680537,46.43036587036952,56.54775499017951,68.05554286758324,20802.0,9.942852,19.003334
TGAGGGACATACAGGG-1,8113,9.001346243766392,88901.0,11.39529,54.008391356677656,60.3142821790531,66.359208557834,73.62009426215678,35939.0,10.489606,40.425865
TGAGTCAGTTATTCCT-1,8411,9.03741453682259,90976.0,11.418362,48.92609039746746,54.54845233907844,61.00510024621878,70.3207439324657,32405.0,10.386099,35.61928
TGCACGGCAGACTCTA-1,8059,8.994668835500674,78649.0,11.272763,41.695380742285344,49.30132614527839,57.7006700657351,68.15089829495608,19651.0,9.885935,24.985697
TGCATGAAGATGCGAC-1,7761,8.956995311928852,66844.0,11.110132,35.617258093471364,43.32026808688887,52.29938363951888,64.08952187182095,11825.0,9.378056,17.690445
TGCGATAAGGTCATTC-1,8189,9.010669176847115,100549.0,11.518411,39.17990233617441,48.52957264617251,58.59928989845747,70.85997871684452,17891.0,9.792109,17.793314
TGCGATATCGTCAAAC-1,8897,9.093581811365986,110476.0,11.612562,40.49929396429994,48.92827401426555,57.54824577283754,67.96679821861761,25131.0,10.131897,22.747927
TGCGGGTCACTATGTG-1,7454,8.916640227198839,79255.0,11.280438,58.778625954198475,64.31266166172482,69.82398586839948,76.66645637499211,36763.0,10.512275,46.38572
TGGAACTTCGTTACCC-1,7170,8.877800393882575,61885.0,11.03305,52.30831380786943,58.195039185586175,64.45665347014624,72.4343540437909,22975.0,10.042206,37.125313
TGGGCTGAGCGCTTCG-1,8497,9.047586120674756,89380.0,11.400663,34.619601700604164,42.990601924367866,52.01275453121503,63.83195345714925,17591.0,9.7752,19.681137
TGTAACGGTTCAATCG-1,8134,9.003931019653137,69628.0,11.150936,39.59326707646349,46.01309817889355,53.33486528408111,63.67553283161946,17117.0,9.747886,24.5835
TGTAACGTCCATTGGA-1,8542,9.052867513151618,90704.0,11.415368,35.511113071088374,44.74995590051156,54.192758863997184,65.49215029105663,16692.0,9.722745,18.402716
TGTACAGTCCAAAGGG-1,7742,8.954544488386723,80686.0,11.298333,54.797610490047845,60.22234340529956,66.37954539821035,74.15041023225838,35822.0,10.486345,44.396797
TGTCCACAGGTTAAAC-1,7165,8.8771028978649,49168.0,10.803019,36.247152619589976,43.85575984380085,52.485356329319885,63.71623820370973,9732.0,9.183277,19.793362
TGTGATGTCCGGTAAT-1,7713,8.950792138768174,70182.0,11.158861,50.619817047106096,56.692599241970875,63.26408480807044,71.24618848137699,25069.0,10.129427,35.719986
TGTGGCGCAAGAGTTA-1,9152,9.121836973384779,117766.0,11.676463,38.045785710646534,47.214815821204766,56.53669140498956,67.72158347910263,24148.0,10.091998,20.50507
TGTTGAGCACCAAAGG-1,8242,9.017119634313227,85481.0,11.356061,39.89892490728934,47.425743732525355,55.68722874088979,66.77273312198032,21389.0,9.970678,25.021935
TGTTGAGCATCCTCAC-1,9095,9.115590035430372,110549.0,11.613223,46.037503731377036,52.565830536685084,59.91008512062525,69.05987390207058,33518.0,10.4198675,30.319586
TTAGGGTGTCGGATTT-1,9212,9.128370809108931,145780.0,11.889861,43.87364521882288,52.1751955000686,60.93977225956921,71.27315132391274,38524.0,10.559063,26.42612
TTCAATCCAACTGGTT-1,9269,9.1345386585599,134309.0,11.807906,37.90959652741067,45.91427231235435,54.6865809439427,65.81092853047824,25847.0,10.159988,19.244429
TTCAATCTCTCGACGG-1,7630,8.939974177289633,56376.0,10.939816,35.405136937703986,43.66219667943806,52.185327089541644,63.2201646090535,10072.0,9.217614,17.865759
TTCATTGGTGGAACAC-1,7030,8.858084222199162,49558.0,10.810919,34.05302877436539,43.70232858468865,52.85725816215343,63.84842003309254,7509.0,8.923991,15.151943
TTGACCCTCGTTGCCT-1,7682,8.946765374867635,64872.0,11.080187,35.303366629670734,42.84899494388951,50.894068319151565,62.12695770131952,10371.0,9.246865,15.986866
TTGCCTGTCCTGGGAC-1,8362,9.031572493381526,76535.0,11.245517,37.343698961259555,45.03037825831319,53.52453126020775,64.78865878356308,14307.0,9.568574,18.693409
TTGGTTTAGTTACGAA-1,9662,9.176059437999308,121075.0,11.704174,36.38571133594879,44.43609333058022,53.09766673549453,63.84307247573818,24480.0,10.105653,20.218872
TTTACCAGTGAGTAAT-1,9133,9.119758993744945,114883.0,11.651678,38.48872330980215,46.87725773177929,55.81678751425363,66.682624931452,22953.0,10.041247,19.979458
TTTCCTCCACGCGGTT-1,8409,9.037176752966994,76145.0,11.240408,42.52938472650863,48.41420973143345,55.22096001050627,65.0285639240922,22283.0,10.011624,29.263905
TTTCCTCGTAGCACAG-1,8584,9.057771773331575,79220.0,11.279997,38.4751325422873,46.96162585205756,55.078263064882606,65.10224690734663,17058.0,9.744433,21.532442
